{"well id":{"0":12.0,"1":33.0,"2":33.0,"3":49.0,"4":49.0,"5":49.0,"6":49.0,"7":49.0,"8":49.0,"9":49.0,"10":77.0,"11":78.0,"12":78.0,"13":78.0,"14":78.0,"15":78.0,"16":78.0,"17":78.0,"18":78.0,"19":78.0,"20":85.0,"21":140.0,"22":148.0,"23":207.0,"24":261.0,"25":263.0,"26":263.0,"27":263.0,"28":263.0,"29":263.0,"30":270.0,"31":270.0,"32":12.0,"33":223.0,"34":263.0,"35":274.0,"36":12.0,"37":16.0,"38":33.0,"39":49.0,"40":49.0,"41":49.0,"42":49.0,"43":49.0,"44":49.0,"45":78.0,"46":79.0,"47":83.0,"48":85.0,"49":85.0},"depth, m":{"0":3042.463,"1":2412.8305,"2":2522.5575,"3":2396.3625,"4":2399.0475,"5":2400.211,"6":2400.211,"7":2403.433,"8":2403.433,"9":2419.4535,"10":2092.689,"11":2259.7855,"12":2265.1555,"13":2270.257,"14":2272.584,"15":2317.513,"16":2318.766,"17":2318.8555,"18":2318.945,"19":2359.1305,"20":2523.363,"21":2446.1245,"22":2094.479,"23":2152.0275,"24":2713.103,"25":2279.028,"26":2280.818,"27":2283.5925,"28":2471.095,"29":2511.728,"30":2423.7495,"31":2428.5825,"32":3042.3735,"33":2827.7525,"34":2511.6385,"35":2346.9585,"36":3042.284,"37":2448.362,"38":2494.723,"39":2349.912,"40":2401.643,"41":2403.791,"42":2403.791,"43":2425.0025,"44":2425.1815,"45":2339.709,"46":2894.072,"47":2227.655,"48":2548.3335,"49":2559.879},"bk":{"0":0.4557785449,"1":null,"2":null,"3":0.3812483222,"4":0.3568673362,"5":0.3793368462,"6":0.3793368462,"7":0.3895795517,"8":0.3895795517,"9":0.4292819264,"10":0.6961755643,"11":0.3473957786,"12":0.3247531843,"13":0.3455347298,"14":0.3573213722,"15":0.3312666889,"16":0.3387188418,"17":0.3225817944,"18":0.3645274669,"19":0.3334379125,"20":null,"21":0.774,"22":0.774,"23":0.5977684425,"24":0.6184885558,"25":0.4943739313,"26":0.4261817836,"27":0.4974913834,"28":0.5186283116,"29":0.3926951261,"30":0.2447279191,"31":0.2444177443,"32":0.4535686134,"33":null,"34":0.3926812998,"35":0.7254581135,"36":0.4513663723,"37":0.6383397431,"38":null,"39":0.3678673155,"40":0.3933164931,"41":0.4694934613,"42":0.4694934613,"43":0.4632899182,"44":0.533565995,"45":0.5744437339,"46":0.4931779357,"47":0.3382311316,"48":null,"49":null},"GZ1":{"0":0.774,"1":0.1571525894,"2":0.1722353457,"3":0.2468382261,"4":0.2262413439,"5":0.2377561363,"6":0.2377561363,"7":0.2581983835,"8":0.2581983835,"9":0.3694464383,"10":0.774,"11":0.2247817223,"12":0.3186844355,"13":0.2666242743,"14":0.2289984687,"15":0.2282532582,"16":0.2721383334,"17":0.264353685,"18":0.2565693659,"19":0.2191541624,"20":0.2921242554,"21":0.774,"22":0.774,"23":0.5689285333,"24":0.3438219765,"25":0.2552715952,"26":0.316551252,"27":0.2761928377,"28":0.3152782599,"29":0.2721383334,"30":0.1623423551,"31":0.1566664889,"32":0.774,"33":null,"34":0.2761928377,"35":0.5752538146,"36":0.774,"37":0.4521583274,"38":0.1641263369,"39":0.2364586949,"40":0.2763657572,"41":0.211482948,"42":0.211482948,"43":0.3263651177,"44":0.2846262684,"45":0.3658784744,"46":0.6863465,"47":0.4858929367,"48":0.1239565358,"49":0.1144992343},"GZ2":{"0":0.774,"1":0.7554718123,"2":0.941742336,"3":0.1169128413,"4":0.1554732462,"5":0.1246429223,"6":0.1246429223,"7":0.1886434362,"8":0.1886434362,"9":0.1837899414,"10":0.774,"11":0.9345788115,"12":0.1554253667,"13":0.1388475725,"14":0.1363862495,"15":0.1124969383,"16":0.1198897192,"17":0.1227418943,"18":0.1255274717,"19":0.1323781193,"20":0.1961264184,"21":0.774,"22":0.774,"23":0.4173392775,"24":0.1848887944,"25":0.1161165388,"26":0.1371116889,"27":0.1336353591,"28":0.1387278876,"29":0.194564848,"30":0.6841329979,"31":0.5956124829,"32":0.774,"33":null,"34":0.1822581899,"35":0.1651982665,"36":0.6632541496,"37":0.4596882613,"38":0.7745928183,"39":0.1169852332,"40":0.1352279799,"41":0.1699515756,"42":0.1699515756,"43":0.1425395569,"44":0.1389199643,"45":0.2196368795,"46":0.1415984628,"47":0.3763947692,"48":0.5769636179,"49":0.5183256615},"GZ3":{"0":0.3328459994,"1":0.4532156835,"2":0.5257112452,"3":0.7326542323,"4":0.6132996829,"5":0.6132996829,"6":0.6132996829,"7":0.6715213375,"8":0.6715213375,"9":0.1122494382,"10":0.774,"11":0.4871821468,"12":0.7223866552,"13":0.8225168188,"14":0.6367226127,"15":0.7364162566,"16":0.6799858921,"17":0.6813966513,"18":0.6828741379,"19":0.6892639822,"20":0.7119639869,"21":0.774,"22":0.774,"23":0.1139585556,"24":0.1343983181,"25":0.6724618435,"26":0.644846378,"27":0.7133738578,"28":0.8521749171,"29":0.5577212414,"30":0.3193181243,"31":0.4723913428,"32":0.3185964329,"33":null,"34":0.564773898,"35":0.1721769254,"36":0.3434776583,"37":0.5614821268,"38":0.4693125314,"39":0.4824796164,"40":0.7677257938,"41":0.6611757765,"42":0.6611757765,"43":0.6686998192,"44":0.6715184435,"45":0.1919572899,"46":0.1187859173,"47":0.3787182838,"48":0.3633534498,"49":0.3161411634},"GZ4":{"0":0.4765448697,"1":0.7151466478,"2":0.6685998133,"3":0.1512985341,"4":0.173948666,"5":0.1455287938,"6":0.1455287938,"7":0.1654611132,"8":0.1654611132,"9":0.2171665261,"10":0.1942867137,"11":0.6747479896,"12":0.9718198657,"13":0.1148364318,"14":0.8919781665,"15":0.5879993766,"16":0.7921871496,"17":0.8651113543,"18":0.9383555896,"19":0.8912154333,"20":0.1493562857,"21":null,"22":null,"23":null,"24":null,"25":0.953175327,"26":0.876625724,"27":0.1631581417,"28":0.1392468498,"29":0.1249695817,"30":0.478229258,"31":0.6171695843,"32":0.4647198952,"33":null,"34":0.1261249292,"35":0.2349657278,"36":0.4528976921,"37":0.2488634437,"38":0.7467814287,"39":0.8721996316,"40":0.1117659389,"41":0.1127298822,"42":0.1127298822,"43":0.1126878679,"44":0.1125335621,"45":0.2737344356,"46":0.2579213976,"47":0.5147726173,"48":0.589534623,"49":0.5244853435},"GZ5":{"0":0.774,"1":null,"2":null,"3":0.1652188875,"4":0.297194364,"5":0.4253857558,"6":0.4253857558,"7":0.3661677761,"8":0.3661677761,"9":0.4169254467,"10":0.3915429112,"11":0.3153965163,"12":0.2728579355,"13":0.2641888595,"14":0.28813422,"15":0.2351975457,"16":0.2223286878,"17":0.2244852978,"18":0.2185683717,"19":0.2954198315,"20":0.2227987273,"21":null,"22":null,"23":null,"24":null,"25":0.3552568936,"26":0.2721528758,"27":0.3256694523,"28":0.5137531835,"29":0.2331395965,"30":0.1558189728,"31":0.1515877417,"32":0.774,"33":null,"34":0.2338446558,"35":0.774,"36":0.774,"37":0.514223223,"38":null,"39":0.3397814429,"40":0.4564496382,"41":0.3595822449,"42":0.3595822449,"43":0.4251573616,"44":0.4324363484,"45":0.774,"46":0.6965985525,"47":0.774,"48":0.1477683299,"49":0.1358414181},"GZ7":{"0":0.2448976663,"1":0.523431915,"2":0.5889243662,"3":0.6569552842,"4":0.7732177711,"5":0.7564631943,"6":0.7564631943,"7":0.6457862895,"8":0.6457862895,"9":0.6889399696,"10":0.2464343856,"11":0.6881687486,"12":0.6767553276,"13":0.6528937368,"14":0.4677794547,"15":0.7635792154,"16":0.7467846555,"17":0.7569385239,"18":0.7679239227,"19":0.6742168641,"20":0.6569552842,"21":null,"22":null,"23":null,"24":null,"25":0.764586289,"26":0.7666176267,"27":0.8875561644,"28":0.1247914239,"29":0.6646299233,"30":0.4218932312,"31":0.455499683,"32":0.2733929612,"33":null,"34":0.652386434,"35":0.2349281222,"36":0.3197645612,"37":0.3664531982,"38":0.5972419266,"39":0.5777551186,"40":0.6732147357,"41":0.6782784776,"42":0.6782784776,"43":0.7437785881,"44":0.7417485137,"45":0.1212371885,"46":0.1358587589,"47":0.774,"48":0.3983164484,"49":0.3929547629},"DGK":{"0":0.1236512572,"1":0.3887286194,"2":0.5152135447,"3":0.4459173229,"4":0.3927426849,"5":0.3812582349,"6":0.3812582349,"7":0.3817732366,"8":0.3817732366,"9":0.3462235212,"10":0.5152135447,"11":0.3243269264,"12":0.4938321826,"13":0.4946528743,"14":0.4915137217,"15":0.4281424556,"16":0.3828366368,"17":0.3882134592,"18":0.3936231481,"19":0.4961564358,"20":0.4616313362,"21":null,"22":null,"23":null,"24":null,"25":0.3354417574,"26":0.2261787462,"27":0.2474489466,"28":0.2194897255,"29":0.2339694928,"30":0.5645491441,"31":0.4515846719,"32":0.6955382853,"33":null,"34":0.2634324637,"35":0.2627589778,"36":0.154564634,"37":0.1883995418,"38":0.3967144294,"39":0.5152135447,"40":0.3549821323,"41":0.413513513,"42":0.413513513,"43":0.2588948619,"44":0.2367462377,"45":0.1648683343,"46":0.2416351524,"47":0.5152135447,"48":0.4827559135,"49":0.5152135447},"NKTD":{"0":0.774,