{"cost":{"0":0.0,"1":35690000.0,"2":0.0,"3":35690000.0,"4":0.0,"5":35690000.0,"6":0.0,"7":0.0,"8":0.0,"9":0.0,"10":0.0,"11":35690000.0,"12":0.0,"13":0.0,"14":107070000.0,"15":0.0,"16":0.0},"expenses":{"0":37225.1324432785,"1":11010.2806353151,"2":29042.3656342741,"3":129213.8105952534,"4":12460.1132395291,"5":104268.3896879584,"6":9213.866506936,"7":11871.9886678107,"8":25947.184262383,"9":8677.2697351939,"10":8856.8316673454,"11":6040.8822791038,"12":3720.0666466743,"13":4806.4883663698,"14":62806.5374796409,"15":17582.8821173542,"16":10248.1578492867},"mass":{"0":0.0,"1":8600.0,"2":0.0,"3":8600.0,"4":0.0,"5":8600.0,"6":0.0,"7":0.0,"8":0.0,"9":0.0,"10":0.0,"11":8600.0,"12":0.0,"13":0.0,"14":25800.0,"15":0.0,"16":0.0},"oil_cnt":{"0":0,"1":1,"2":0,"3":1,"4":0,"5":1,"6":0,"7":0,"8":0,"9":0,"10":0,"11":1,"12":0,"13":0,"14":3,"15":0,"16":0},"square":{"0":0,"1":100,"2":0,"3":100,"4":0,"5":100,"6":0,"7":0,"8":0,"9":0,"10":0,"11":100,"12":0,"13":0,"14":300,"15":0,"16":0},"total_cnt":{"0":3,"1":1,"2":3,"3":13,"4":1,"5":10,"6":1,"7":1,"8":3,"9":1,"10":1,"11":1,"12":1,"13":1,"14":6,"15":2,"16":1},"value":{"0":-37225.1324432785,"1":24971989.7193646841,"2":-29042.3656342741,"3":24853786.1894047484,"4":-12460.1132395291,"5":24878731.6103120409,"6":-9213.866506936,"7":-11871.9886678107,"8":-25947.184262383,"9":-8677.2697351939,"10":-8856.8316673454,"11":24976959.1177208945,"12":-3720.0666466743,"13":-4806.4883663698,"14":74886193.4625203758,"15":-17582.8821173542,"16":-10248.1578492867},"well id":{"0":12.0,"1":16.0,"2":33.0,"3":49.0,"4":77.0,"5":78.0,"6":79.0,"7":83.0,"8":85.0,"9":140.0,"10":148.0,"11":207.0,"12":223.0,"13":261.0,"14":263.0,"15":270.0,"16":274.0}}