{"columns":["well id","depth, m","bk","GZ1","GZ2","GZ3","GZ4","GZ5","GZ7","DGK","NKTD","NKTM","NKTR","ALPS","lith","goal","expences"],"index":[0,1,2,3,4,5,6,7,8,9,10,11,12,13,14,15,16,17,18,19,20,21,22,23,24,25,26,27,28,29,30,31,32,33,34,35,36,37,38,39,40,41,42,43,44,45,46,47,48,49],"data":[[12.0,3042.463,0.4557785449,0.774,0.774,0.3328459994,0.4765448697,0.774,0.2448976663,0.1236512572,0.774,0.7991669289,0.1746394848,0.7277889794,"NK",0.0,2335],[33.0,2412.8305,null,0.1571525894,0.7554718123,0.4532156835,0.7151466478,null,0.523431915,0.3887286194,0.5192332324,0.7991669289,0.5635734662,0.1112159887,"ARGILLIT",0.0,1885],[33.0,2522.5575,null,0.1722353457,0.941742336,0.5257112452,0.6685998133,null,0.5889243662,0.5152135447,0.5271389628,0.7991669289,0.5511522726,0.1723589314,"ARGILLIT",0.0,1885],[49.0,2396.3625,0.3812483222,0.2468382261,0.1169128413,0.7326542323,0.1512985341,0.1652188875,0.6569552842,0.4459173229,0.5751754125,0.7991669289,0.4294332297,0.2535629364,"ARGILLIT",0.0,2335],[49.0,2399.0475,0.3568673362,0.2262413439,0.1554732462,0.6132996829,0.173948666,0.297194364,0.7732177711,0.3927426849,0.5757253727,0.7991669289,0.4471686866,0.9596329193,"ARGILLIT",0.0,2335],[49.0,2400.211,0.3793368462,0.2377561363,0.1246429223,0.6132996829,0.1455287938,0.4253857558,0.7564631943,0.3812582349,0.5997412596,0.7991669289,0.4144329672,0.4931481459,"ARGILLIT",0.0,2335],[49.0,2400.211,0.3793368462,0.2377561363,0.1246429223,0.6132996829,0.1455287938,0.4253857558,0.7564631943,0.3812582349,0.5997412596,0.7991669289,0.4144329672,0.4931481459,"ARGILLIT",0.0,2335],[49.0,2403.433,0.3895795517,0.2581983835,0.1886434362,0.6715213375,0.1654611132,0.3661677761,0.6457862895,0.3817732366,0.5539479689,0.7991669289,0.4568573699,0.4671145729,"ARGILLIT",0.0,2335],[49.0,2403.433,0.3895795517,0.2581983835,0.1886434362,0.6715213375,0.1654611132,0.3661677761,0.6457862895,0.3817732366,0.5539479689,0.7991669289,0.4568573699,0.4671145729,"ARGILLIT",0.0,2335],[49.0,2419.4535,0.4292819264,0.3694464383,0.1837899414,0.1122494382,0.2171665261,0.4169254467,0.6889399696,0.3462235212,0.5655493515,0.7991669289,0.4423385975,0.3663569889,"ARGILLIT",0.0,2335],[77.0,2092.689,0.6961755643,0.774,0.774,0.774,0.1942867137,0.3915429112,0.2464343856,0.5152135447,0.6712471982,0.7991669289,0.2545523763,0.6539656988,"DENSE",0.0,2335],[78.0,2259.7855,0.3473957786,0.2247817223,0.9345788115,0.4871821468,0.6747479896,0.3153965163,0.6881687486,0.3243269264,0.4973846466,0.7991669289,0.4239884825,0.2985781197,"ALEVROLIT",0.0,2335],[78.0,2265.1555,0.3247531843,0.3186844355,0.1554253667,0.7223866552,0.9718198657,0.2728579355,0.6767553276,0.4938321826,0.5321332751,0.7991669289,0.4744514798,0.176166515,"ARGILLIT",0.0,2335],[78.0,2270.257,0.3455347298,0.2666242743,0.1388475725,0.8225168188,0.1148364318,0.2641888595,0.6528937368,0.4946528743,0.5135379128,0.7991669289,0.4136339556,0.1952471492,"ARGILLIT",0.0,2335],[78.0,2272.584,0.3573213722,0.2289984687,0.1363862495,0.6367226127,0.8919781665,0.28813422,0.4677794547,0.4915137217,0.5247283863,0.7991669289,0.4621324972,0.1373963887,"ARGILLIT",0.0,2335],[78.0,2317.513,0.3312666889,0.2282532582,0.1124969383,0.7364162566,0.5879993766,0.2351975457,0.7635792154,0.4281424556,0.4891668893,0.7991669289,0.4214154334,0.1797487719,"ARGILLIT",0.0,2335],[78.0,2318.766,0.3387188418,0.2721383334,0.1198897192,0.6799858921,0.7921871496,0.2223286878,0.7467846555,0.3828366368,0.4858649993,0.7991669289,0.4165435786,0.1981736926,"ARGILLIT",0.0,2335],[78.0,2318.8555,0.3225817944,0.264353685,0.1227418943,0.6813966513,0.8651113543,0.2244852978,0.7569385239,0.3882134592,0.4926253155,0.7991669289,0.4155137149,0.1884921699,"ARGILLIT",0.0,2335],[78.0,2318.945,0.3645274669,0.2565693659,0.1255274717,0.6828741379,0.9383555896,0.2185683717,0.7679239227,0.3936231481,0.4993865312,0.7991669289,0.4135591643,0.171528165,"ARGILLIT",0.0,2335],[78.0,2359.1305,0.3334379125,0.2191541624,0.1323781193,0.6892639822,0.8912154333,0.2954198315,0.6742168641,0.4961564358,0.479574597,0.7991669289,0.4359533768,0.8593623394,"ARGILLIT",0.0,2335],[85.0,2523.363,null,0.2921242554,0.1961264184,0.7119639869,0.1493562857,0.2227987273,0.6569552842,0.4616313362,0.6174719483,0.7991669289,0.4926734165,0.3928821688,"ARGILLIT",0.0,2090],[140.0,2446.1245,0.774,0.774,0.774,0.774,null,null,null,null,null,0.7991669289,null,0.332676114,"DENSE",0.0,1180],[148.0,2094.479,0.774,0.774,0.774,0.774,null,null,null,null,null,0.7991669289,null,0.4888169245,"DENSE",0.0,1180],[207.0,2152.0275,0.5977684425,0.5689285333,0.4173392775,0.1139585556,null,null,null,null,null,0.7991669289,null,0.5935594258,"SAND",1.0,1180],[261.0,2713.103,0.6184885558,0.3438219765,0.1848887944,0.1343983181,null,null,null,null,null,0.7991669289,null,0.2552396244,"DENSE",0.0,1180],[263.0,2279.028,0.4943739313,0.2552715952,0.1161165388,0.6724618435,0.953175327,0.3552568936,0.764586289,0.3354417574,0.5633822233,0.7991669289,0.4581942769,0.279727545,"ALEVROLIT",0.0,2335],[263.0,2280.818,0.4261817836,0.316551252,0.1371116889,0.644846378,0.876625724,0.2721528758,0.7666176267,0.2261787462,0.576747417,0.7991669289,0.4349178917,0.4363284139,"ALEVROLIT",0.0,2335],[263.0,2283.5925,0.4974913834,0.2761928377,0.1336353591,0.7133738578,0.1631581417,0.3256694523,0.8875561644,0.2474489466,0.5434135154,0.7991669289,0.474118577,0.3574874279,"SAND",1.0,2335],[263.0,2471.095,0.5186283116,0.3152782599,0.1387278876,0.8521749171,0.1392468498,0.5137531835,0.1247914239,0.2194897255,0.5831941575,0.7991669289,0.4276585548,0.7875564335,"ARGILLIT",0.0,2335],[263.0,2511.728,0.3926951261,0.2721383334,0.194564848,0.5577212414,0.1249695817,0.2331395965,0.6646299233,0.2339694928,0.5456143776,0.7991669289,0.4715352826,0.5726733647,"SAND",1.0,2335],[270.0,2423.7495,0.2447279191,0.1623423551,0.6841329979,0.3193181243,0.478229258,0.1558189728,0.4218932312,0.5645491441,0.4619639888,0.7991669289,0.2353734977,0.1982633254,"ARGILLIT",0.0,2335],[270.0,2428.5825,0.2444177443,0.1566664889,0.5956124829,0.4723913428,0.6171695843,0.1515877417,0.455499683,0.4515846719,0.4689625418,0.7991669289,0.2594585278,0.3323698526,"ARGILLIT",0.0,2335],[12.0,3042.3735,0.4535686134,0.774,0.774,0.3185964329,0.4647198952,0.774,0.2733929612,0.6955382853,0.774,0.7973417246,0.1726927319,0.7149541297,"NK",0.0,2335],[223.0,2827.7525,null,null,null,null,null,null,null,null,0.4332524847,0.7973417246,0.4167645866,0.2982444478,"ARGILLIT",0.0,730],[263.0,2511.6385,0.3926812998,0.2761928377,0.1822581899,0.564773898,0.1261249292,0.2338446558,0.652386434,0.2634324637,0.5527686871,0.7973417246,0.4623422394,0.5966812953,"SAND",1.0,2335],[274.0,2346.9585,0.7254581135,0.5752538146,0.1651982665,0.1721769254,0.2349657278,0.774,0.2349281222,0.2627589778,0.774,0.7973417246,0.1237564229,0.4999673157,"DENSE",0.0,2335],[12.0,3042.284,0.4513663723,0.774,0.6632541496,0.3434776583,0.4528976921,0.774,0.3197645612,0.154564634,0.774,0.79558278,0.1713215137,0.7271293614,"NK",0.0,2335],[16.0,2448.362,0.6383397431,0.4521583274,0.4596882613,0.5614821268,0.2488634437,0.514223223,0.3664531982,0.1883995418,0.774,0.79558278,0.1824525725,0.4511262628,"SAND",1.0,2335],[33.0,2494.723,null,0.1641263369,0.7745928183,0.4693125314,0.7467814287,null,0.5972419266,0.3967144294,0.4957766985,0.79558278,0.5667168626,0.2437433667,"ARGILLIT",0.0,1885],[49.0,2349.912,0.3678673155,0.2364586949,0.1169852332,0.4824796164,0.8721996316,0.3397814429,0.5777551186,0.5152135447,0.6245946222,0.79558278,0.3963624858,0.1242395998,"ARGILLIT",0.0,2335],[49.0,2401.643,0.3933164931,0.2763657572,0.1352279799,0.7677257938,0.1117659389,0.4564496382,0.6732147357,0.3549821323,0.5578789823,0.79558278,0.4355631742,0.8979295727,"ARGILLIT",0.0,2335],[49.0,2403.791,0.4694934613,0.211482948,0.1699515756,0.6611757765,0.1127298822,0.3595822449,0.6782784776,0.413513513,0.5641684111,0.79558278,0.4444357535,0.3862832673,"ARGILLIT",0.0,2335],[49.0,2403.791,0.4694934613,0.211482948,0.1699515756,0.6611757765,0.1127298822,0.3595822449,0.6782784776,0.413513513,0.5641684111,0.79558278,0.4444357535,0.3862832673,"ARGILLIT",0.0,2335],